year,conflictid,actor,actorid,actor_type,type,incomp,region,location,gwnoloc,gwnoloc2,conflictyear,interm,postc,state_prev,ai_prev,hrw_prev,child_prev,form,max_prevalence,standardized_actor,actor_category,prevalence_label,requires_rehabilitation,requires_compensation,child_vulnerability_flag
2020,297, Nigeria,84.0,1,3,2,4,Nigeria,475,,1,0,0,0.0,0.0,0.0,0.0,-99,0.0,Government of Nigeria (Armed Forces / Police),State Armed Forces (Government of Nigeria),0 - None Documented,0,0,None
2014,297,Cameroon,83.0,2,4,2,4,Nigeria,475,,1,0,0,0.0,0.0,0.0,0.0,-99,0.0,Government of Cameroon (Coalition Forces),Regional Coalition Partners (MNJTF),0 - None Documented,0,0,None
2015,297,Cameroon,83.0,2,4,2,4,Nigeria,475,,0,0,1,0.0,0.0,0.0,0.0,-99,0.0,Government of Cameroon (Coalition Forces),Regional Coalition Partners (MNJTF),0 - None Documented,0,0,None
2016,297,Cameroon,83.0,2,4,2,4,Nigeria,475,,1,0,0,0.0,0.0,0.0,0.0,-99,0.0,Government of Cameroon (Coalition Forces),Regional Coalition Partners (MNJTF),0 - None Documented,0,0,None
2017,297,Cameroon,83.0,2,4,2,4,Nigeria,475,,1,0,0,0.0,0.0,0.0,0.0,-99,0.0,Government of Cameroon (Coalition Forces),Regional Coalition Partners (MNJTF),0 - None Documented,0,0,None
2018,297,Cameroon,83.0,2,4,2,4,Nigeria,475,,1,0,0,0.0,0.0,0.0,0.0,-99,0.0,Government of Cameroon (Coalition Forces),Regional Coalition Partners (MNJTF),0 - None Documented,0,0,None
2019,297,Cameroon,83.0,2,4,2,4,Nigeria,475,,0,0,1,0.0,0.0,0.0,0.0,-99,0.0,Government of Cameroon (Coalition Forces),Regional Coalition Partners (MNJTF),0 - None Documented,0,0,None
2020,297,Cameroon,83.0,2,4,2,4,Nigeria,475,,0,0,1,0.0,0.0,0.0,0.0,-99,0.0,Government of Cameroon (Coalition Forces),Regional Coalition Partners (MNJTF),0 - None Documented,0,0,None
2021,297,Cameroon,83.0,2,4,2,4,Nigeria,475,,1,0,0,0.0,0.0,0.0,0.0,-99,0.0,Government of Cameroon (Coalition Forces),Regional Coalition Partners (MNJTF),0 - None Documented,0,0,None
2012,297,Chad,87.0,2,4,2,4,Nigeria,475,,1,0,0,0.0,0.0,0.0,0.0,-99,0.0,Government of Chad (Coalition Forces),Regional Coalition Partners (MNJTF),0 - None Documented,0,0,None
2013,297,Chad,87.0,2,4,2,4,Nigeria,475,,1,0,0,0.0,0.0,0.0,0.0,-99,0.0,Government of Chad (Coalition Forces),Regional Coalition Partners (MNJTF),0 - None Documented,0,0,None
2014,297,Chad,87.0,2,4,2,4,Nigeria,475,,1,0,0,0.0,0.0,0.0,0.0,-99,0.0,Government of Chad (Coalition Forces),Regional Coalition Partners (MNJTF),0 - None Documented,0,0,None
2015,297,Chad,87.0,2,4,2,4,Nigeria,475,,1,0,0,0.0,0.0,0.0,0.0,-99,0.0,Government of Chad (Coalition Forces),Regional Coalition Partners (MNJTF),0 - None Documented,0,0,None
2021,297,Chad,87.0,2,4,2,4,Nigeria,475,,1,0,0,0.0,0.0,0.0,0.0,-99,0.0,Government of Chad (Coalition Forces),Regional Coalition Partners (MNJTF),0 - None Documented,0,0,None
2021,297,Jama'atu Ahlis Sunna Lidda'a watiwal-Jihad,1051.0,3,4,2,4,Nigeria,475,,1,0,0,3.0,3.0,0.0,3.0,"1,2",3.0,Boko Haram (JAS),Non-State Armed Groups (Boko Haram / ISWAP),"3 - Massive / Systematic (1,000+)",1,1,High Child Risk
2016,297,Jama'atu Ahlis Sunna Lidda'awati wal-Jihad,1051.0,3,4,2,4,Nigeria,475,,1,0,0,2.0,0.0,0.0,2.0,"1, 2",2.0,Boko Haram (JAS),Non-State Armed Groups (Boko Haram / ISWAP),2 - Frequent / Numerous (25-999),1,1,High Child Risk
2017,297,Jama'atu Ahlis Sunna Lidda'awati wal-Jihad,1051.0,3,4,2,4,Nigeria,475,,1,0,0,2.0,0.0,1.0,2.0,"1, 2",2.0,Boko Haram (JAS),Non-State Armed Groups (Boko Haram / ISWAP),2 - Frequent / Numerous (25-999),1,1,High Child Risk
2018,297,Jama'atu Ahlis Sunna Lidda'awati wal-Jihad,1051.0,3,4,2,4,Nigeria,475,,1,0,0,2.0,0.0,0.0,2.0,"1, 2, 7",2.0,Boko Haram (JAS),Non-State Armed Groups (Boko Haram / ISWAP),2 - Frequent / Numerous (25-999),1,1,High Child Risk
2019,297,Jama'atu Ahlis Sunna Lidda'awati wal-Jihad,1051.0,3,3,2,4,Nigeria,475,,1,0,0,2.0,0.0,0.0,2.0,"1, 2, 7",2.0,Boko Haram (JAS),Non-State Armed Groups (Boko Haram / ISWAP),2 - Frequent / Numerous (25-999),1,1,High Child Risk
2020,297,Jama'atu Ahlis Sunna Lidda'awati wal-Jihad,1051.0,3,3,2,4,Nigeria,475,,1,0,0,0.0,0.0,0.0,0.0,-99,0.0,Boko Haram (JAS),Non-State Armed Groups (Boko Haram / ISWAP),0 - None Documented,0,0,None
2009,297,Jama'atu Ahlis Sunna Lidda'awati wal-Jihad (Boko Haram),1051.0,3,3,2,4,Nigeria,475,,1,0,0,0.0,0.0,0.0,0.0,-99,0.0,Boko Haram (JAS),Non-State Armed Groups (Boko Haram / ISWAP),0 - None Documented,0,0,None
2010,297,Jama'atu Ahlis Sunna Lidda'awati wal-Jihad (Boko Haram),1051.0,3,3,2,4,Nigeria,475,,0,1,0,0.0,0.0,2.0,0.0,2,2.0,Boko Haram (JAS),Non-State Armed Groups (Boko Haram / ISWAP),2 - Frequent / Numerous (25-999),1,1,None
2011,297,Jama'atu Ahlis Sunna Lidda'awati wal-Jihad (Boko Haram),1051.0,3,3,2,4,Nigeria,475,,1,0,0,0.0,0.0,2.0,0.0,2,2.0,Boko Haram (JAS),Non-State Armed Groups (Boko Haram / ISWAP),2 - Frequent / Numerous (25-999),1,1,None
2012,297,Jama'atu Ahlis Sunna Lidda'awati wal-Jihad (Boko Haram),1051.0,3,4,2,4,Nigeria,475,,1,0,0,0.0,0.0,2.0,0.0,2,2.0,Boko Haram (JAS),Non-State Armed Groups (Boko Haram / ISWAP),2 - Frequent / Numerous (25-999),1,1,None
2013,297,Jama'atu Ahlis Sunna Lidda'awati wal-Jihad (Boko Haram),1051.0,3,4,2,4,Nigeria,475,,1,0,0,2.0,0.0,2.0,2.0,"1, 2, 7",2.0,Boko Haram (JAS),Non-State Armed Groups (Boko Haram / ISWAP),2 - Frequent / Numerous (25-999),1,1,High Child Risk
2014,297,Jama'atu Ahlis Sunna Lidda'awati wal-Jihad (Boko Haram),1051.0,3,4,2,4,Nigeria,475,,1,0,0,2.0,3.0,2.0,2.0,"1, 2, 7",3.0,Boko Haram (JAS),Non-State Armed Groups (Boko Haram / ISWAP),"3 - Massive / Systematic (1,000+)",1,1,High Child Risk
2015,297,Jama'atu Ahlis Sunna Lidda'awati wal-Jihad (Boko Haram),1051.0,3,4,2,4,Nigeria,475,,1,0,0,2.0,3.0,0.0,2.0,"1, 2",3.0,Boko Haram (JAS),Non-State Armed Groups (Boko Haram / ISWAP),"3 - Massive / Systematic (1,000+)",1,1,High Child Risk
2012,297,Niger,75.0,2,4,2,4,Nigeria,475,,1,0,0,0.0,0.0,0.0,0.0,-99,0.0,Government of Niger (Coalition Forces),Regional Coalition Partners (MNJTF),0 - None Documented,0,0,None
2013,297,Niger,75.0,2,4,2,4,Nigeria,475,,1,0,0,0.0,0.0,0.0,0.0,-99,0.0,Government of Niger (Coalition Forces),Regional Coalition Partners (MNJTF),0 - None Documented,0,0,None
2014,297,Niger,75.0,2,4,2,4,Nigeria,475,,1,0,0,0.0,0.0,0.0,0.0,-99,0.0,Government of Niger (Coalition Forces),Regional Coalition Partners (MNJTF),0 - None Documented,0,0,None
2015,297,Niger,75.0,2,4,2,4,Nigeria,475,,1,0,0,0.0,0.0,0.0,0.0,-99,0.0,Government of Niger (Coalition Forces),Regional Coalition Partners (MNJTF),0 - None Documented,0,0,None
2009,297,Nigeria,84.0,1,3,2,4,Nigeria,475,,1,0,0,0.0,0.0,0.0,0.0,-99,0.0,Government of Nigeria (Armed Forces / Police),State Armed Forces (Government of Nigeria),0 - None Documented,0,0,None
2010,297,Nigeria,84.0,1,3,2,4,Nigeria,475,,0,1,0,0.0,3.0,2.0,0.0,1,3.0,Government of Nigeria (Armed Forces / Police),State Armed Forces (Government of Nigeria),"3 - Massive / Systematic (1,000+)",1,1,None
2011,297,Nigeria,84.0,1,3,2,4,Nigeria,475,,1,0,0,3.0,3.0,2.0,2.0,1,3.0,Government of Nigeria (Armed Forces / Police),State Armed Forces (Government of Nigeria),"3 - Massive / Systematic (1,000+)",1,1,High Child Risk
2012,297,Nigeria,84.0,1,4,2,4,Nigeria,475,,1,0,0,3.0,3.0,0.0,2.0,1,3.0,Government of Nigeria (Armed Forces / Police),State Armed Forces (Government of Nigeria),"3 - Massive / Systematic (1,000+)",1,1,High Child Risk
2013,297,Nigeria,84.0,1,4,2,4,Nigeria,475,,1,0,0,3.0,3.0,0.0,0.0,1,3.0,Government of Nigeria (Armed Forces / Police),State Armed Forces (Government of Nigeria),"3 - Massive / Systematic (1,000+)",1,1,None
2014,297,Nigeria,84.0,1,4,2,4,Nigeria,475,,1,0,0,1.0,3.0,0.0,0.0,1,3.0,Government of Nigeria (Armed Forces / Police),State Armed Forces (Government of Nigeria),"3 - Massive / Systematic (1,000+)",1,1,None
2015,297,Nigeria,84.0,1,4,2,4,Nigeria,475,,1,0,0,1.0,0.0,0.0,0.0,1,1.0,Government of Nigeria (Armed Forces / Police),State Armed Forces (Government of Nigeria),1 - Isolated (<25),1,1,None
2016,297,Nigeria,84.0,1,4,2,4,Nigeria,475,,1,0,0,1.0,2.0,1.0,2.0,"1, 3",2.0,Government of Nigeria (Armed Forces / Police),State Armed Forces (Government of Nigeria),2 - Frequent / Numerous (25-999),1,1,High Child Risk
2017,297,Nigeria,84.0,1,4,2,4,Nigeria,475,,1,0,0,1.0,2.0,0.0,2.0,"1, 3, 7",2.0,Government of Nigeria (Armed Forces / Police),State Armed Forces (Government of Nigeria),2 - Frequent / Numerous (25-999),1,1,High Child Risk
2018,297,Nigeria,84.0,1,4,2,4,Nigeria,475,,1,0,0,1.0,3.0,0.0,2.0,"1, 3, 7",3.0,Government of Nigeria (Armed Forces / Police),State Armed Forces (Government of Nigeria),"3 - Massive / Systematic (1,000+)",1,1,High Child Risk
2019,297,Nigeria,84.0,1,3,2,4,Nigeria,475,,1,0,0,1.0,0.0,0.0,1.0,"1, 3, 7",1.0,Government of Nigeria (Armed Forces / Police),State Armed Forces (Government of Nigeria),1 - Isolated (<25),1,1,Documented Risk
2021,297,Nigeria,84.0,1,4,2,4,Nigeria,475,,1,0,0,0.0,0.0,0.0,0.0,-99,0.0,Government of Nigeria (Armed Forces / Police),State Armed Forces (Government of Nigeria),0 - None Documented,0,0,None
2022,297,Cameroon,83.0,2,4,2,4,Nigeria,475,,0,0,1,0.0,0.0,0.0,0.0,,0.0,Government of Cameroon (Coalition Forces),Regional Coalition Partners (MNJTF),0 - None Documented,0,0,None
2022,297,Chad,87.0,2,4,2,4,Nigeria,475,,0,0,1,0.0,0.0,0.0,0.0,,0.0,Government of Chad (Coalition Forces),Regional Coalition Partners (MNJTF),0 - None Documented,0,0,None
2022,297,Jama'atu Ahlis Sunna Lidda'awati wal-Jihad,1051.0,3,4,2,4,Nigeria,475,,1,0,0,2.0,1.0,0.0,2.0,"1, 2",2.0,Boko Haram (JAS),Non-State Armed Groups (Boko Haram / ISWAP),2 - Frequent / Numerous (25-999),1,1,High Child Risk
2023,297,JAS,1051.0,3,4,2,4,Nigeria,475,,1,0,0,2.0,1.0,0.0,2.0,"1, 2, 7",2.0,Boko Haram (JAS),Non-State Armed Groups (Boko Haram / ISWAP),2 - Frequent / Numerous (25-999),1,1,High Child Risk
2022,297,Niger,75.0,2,4,2,4,Nigeria,475,,1,0,0,0.0,0.0,0.0,0.0,,0.0,Government of Niger (Coalition Forces),Regional Coalition Partners (MNJTF),0 - None Documented,0,0,None
2023,297,Niger,75.0,2,4,2,4,Nigeria,475,,1,0,0,0.0,0.0,0.0,0.0,,0.0,Government of Niger (Coalition Forces),Regional Coalition Partners (MNJTF),0 - None Documented,0,0,None
2022,297,Nigeria,84.0,1,4,2,4,Nigeria,475,,1,0,0,0.0,0.0,0.0,0.0,,0.0,Government of Nigeria (Armed Forces / Police),State Armed Forces (Government of Nigeria),0 - None Documented,0,0,None
2023,297,Nigeria,84.0,1,4,2,4,Nigeria,475,,1,0,0,0.0,0.0,0.0,0.0,,0.0,Government of Nigeria (Armed Forces / Police),State Armed Forces (Government of Nigeria),0 - None Documented,0,0,None
2021,303,IPOB,6287.0,3,3,1,4,Nigeria,475,,1,0,0,0.0,0.0,0.0,0.0,-99,0.0,IPOB,Other Armed Actor,0 - None Documented,0,0,None
2021,303,Nigeria,84.0,1,3,1,4,Nigeria,475,,1,0,0,0.0,0.0,0.0,0.0,-99,0.0,Government of Nigeria (Armed Forces / Police),State Armed Forces (Government of Nigeria),0 - None Documented,0,0,None
2023,303,Cameroon,83.0,2,4,1,4,Nigeria,475,,1,0,0,0.0,0.0,0.0,0.0,,0.0,Government of Cameroon (Coalition Forces),Regional Coalition Partners (MNJTF),0 - None Documented,0,0,None
2022,303,IPOB,6287.0,3,3,1,4,Nigeria,475,,1,0,0,0.0,0.0,0.0,0.0,,0.0,IPOB,Other Armed Actor,0 - None Documented,0,0,None
2023,303,IPOB,6287.0,3,4,1,4,Nigeria,475,,1,0,0,0.0,0.0,0.0,0.0,,0.0,IPOB,Other Armed Actor,0 - None Documented,0,0,None
2022,303,Nigeria,84.0,1,3,1,4,Nigeria,475,,1,0,0,0.0,0.0,0.0,0.0,,0.0,Government of Nigeria (Armed Forces / Police),State Armed Forces (Government of Nigeria),0 - None Documented,0,0,None
2023,303,Nigeria,84.0,1,4,1,4,Nigeria,475,,1,0,0,0.0,0.0,0.0,0.0,,0.0,Government of Nigeria (Armed Forces / Police),State Armed Forces (Government of Nigeria),0 - None Documented,0,0,None
1996,405,Cameroon,83.0,1,2,1,4,"Cameroon, Nigeria",471,475.0,1,0,0,0.0,0.0,0.0,0.0,-99,0.0,Government of Cameroon (Coalition Forces),Regional Coalition Partners (MNJTF),0 - None Documented,0,0,None
1997,405,Cameroon,83.0,1,2,1,4,"Cameroon, Nigeria",471,475.0,0,0,1,0.0,0.0,0.0,0.0,-99,0.0,Government of Cameroon (Coalition Forces),Regional Coalition Partners (MNJTF),0 - None Documented,0,0,None
1998,405,Cameroon,83.0,1,2,1,4,"Cameroon, Nigeria",471,475.0,0,0,1,0.0,0.0,0.0,0.0,-99,0.0,Government of Cameroon (Coalition Forces),Regional Coalition Partners (MNJTF),0 - None Documented,0,0,None
1999,405,Cameroon,83.0,1,2,1,4,"Cameroon, Nigeria",471,475.0,0,0,1,0.0,0.0,0.0,0.0,-99,0.0,Government of Cameroon (Coalition Forces),Regional Coalition Partners (MNJTF),0 - None Documented,0,0,None
2000,405,Cameroon,83.0,1,2,1,4,"Cameroon, Nigeria",471,475.0,0,0,1,0.0,0.0,0.0,0.0,-99,0.0,Government of Cameroon (Coalition Forces),Regional Coalition Partners (MNJTF),0 - None Documented,0,0,None
2001,405,Cameroon,83.0,1,2,1,4,"Cameroon, Nigeria",471,475.0,0,0,1,0.0,0.0,0.0,0.0,-99,0.0,Government of Cameroon (Coalition Forces),Regional Coalition Partners (MNJTF),0 - None Documented,0,0,None
1996,405,Nigeria,84.0,5,2,1,4,"Cameroon, Nigeria",471,475.0,1,0,0,0.0,0.0,0.0,0.0,-99,0.0,Government of Nigeria (Armed Forces / Police),State Armed Forces (Government of Nigeria),0 - None Documented,0,0,None
1997,405,Nigeria,84.0,5,2,1,4,"Cameroon, Nigeria",471,475.0,0,0,1,0.0,0.0,0.0,0.0,-99,0.0,Government of Nigeria (Armed Forces / Police),State Armed Forces (Government of Nigeria),0 - None Documented,0,0,None
1998,405,Nigeria,84.0,5,2,1,4,"Cameroon, Nigeria",471,475.0,0,0,1,0.0,0.0,0.0,0.0,-99,0.0,Government of Nigeria (Armed Forces / Police),State Armed Forces (Government of Nigeria),0 - None Documented,0,0,None
1999,405,Nigeria,84.0,5,2,1,4,"Cameroon, Nigeria",471,475.0,0,0,1,0.0,0.0,0.0,0.0,-99,0.0,Government of Nigeria (Armed Forces / Police),State Armed Forces (Government of Nigeria),0 - None Documented,0,0,None
2000,405,Nigeria,84.0,5,2,1,4,"Cameroon, Nigeria",471,475.0,0,0,1,0.0,0.0,0.0,0.0,-99,0.0,Government of Nigeria (Armed Forces / Police),State Armed Forces (Government of Nigeria),0 - None Documented,0,0,None
2001,405,Nigeria,84.0,5,2,1,4,"Cameroon, Nigeria",471,475.0,0,0,1,0.0,0.0,0.0,0.0,-99,0.0,Government of Nigeria (Armed Forces / Police),State Armed Forces (Government of Nigeria),0 - None Documented,0,0,None
2004,424,Ahlul Sunnah Jamaa,559.0,3,3,1,4,Nigeria,475,,1,0,0,0.0,0.0,0.0,0.0,-99,0.0,Boko Haram (JAS),Non-State Armed Groups (Boko Haram / ISWAP),0 - None Documented,0,0,None
2005,424,Ahlul Sunnah Jamaa,559.0,3,3,1,4,Nigeria,475,,0,1,0,0.0,0.0,0.0,0.0,-99,0.0,Boko Haram (JAS),Non-State Armed Groups (Boko Haram / ISWAP),0 - None Documented,0,0,None
2006,424,Ahlul Sunnah Jamaa,559.0,3,3,1,4,Nigeria,475,,0,1,0,0.0,0.0,0.0,0.0,-99,0.0,Boko Haram (JAS),Non-State Armed Groups (Boko Haram / ISWAP),0 - None Documented,0,0,None
2007,424,Ahlul Sunnah Jamaa,559.0,3,3,1,4,Nigeria,475,,0,1,0,0.0,0.0,0.0,0.0,-99,0.0,Boko Haram (JAS),Non-State Armed Groups (Boko Haram / ISWAP),0 - None Documented,0,0,None
2008,424,Ahlul Sunnah Jamaa,559.0,3,3,1,4,Nigeria,475,,0,1,0,0.0,0.0,0.0,0.0,-99,0.0,Boko Haram (JAS),Non-State Armed Groups (Boko Haram / ISWAP),0 - None Documented,0,0,None
2009,424,Ahlul Sunnah Jamaa,559.0,3,3,1,4,Nigeria,475,,0,1,0,0.0,0.0,0.0,0.0,-99,0.0,Boko Haram (JAS),Non-State Armed Groups (Boko Haram / ISWAP),0 - None Documented,0,0,None
2004,424,Nigeria,84.0,1,3,1,4,Nigeria,475,,1,0,0,0.0,0.0,0.0,0.0,-99,0.0,Government of Nigeria (Armed Forces / Police),State Armed Forces (Government of Nigeria),0 - None Documented,0,0,None
2005,424,Nigeria,84.0,1,3,1,4,Nigeria,475,,0,1,0,0.0,0.0,0.0,0.0,-99,0.0,Government of Nigeria (Armed Forces / Police),State Armed Forces (Government of Nigeria),0 - None Documented,0,0,None
2006,424,Nigeria,84.0,1,3,1,4,Nigeria,475,,0,1,0,0.0,0.0,0.0,0.0,-99,0.0,Government of Nigeria (Armed Forces / Police),State Armed Forces (Government of Nigeria),0 - None Documented,0,0,None
2007,424,Nigeria,84.0,1,3,1,4,Nigeria,475,,0,1,0,0.0,0.0,0.0,0.0,-99,0.0,Government of Nigeria (Armed Forces / Police),State Armed Forces (Government of Nigeria),0 - None Documented,0,0,None
2008,424,Nigeria,84.0,1,3,1,4,Nigeria,475,,0,1,0,0.0,0.0,0.0,0.0,-99,0.0,Government of Nigeria (Armed Forces / Police),State Armed Forces (Government of Nigeria),0 - None Documented,0,0,None
2009,424,Nigeria,84.0,1,3,1,4,Nigeria,475,,0,1,0,0.0,0.0,0.0,0.0,-99,0.0,Government of Nigeria (Armed Forces / Police),State Armed Forces (Government of Nigeria),0 - None Documented,0,0,None
2004,425,Icelanders a.k.a Niger Delta Vigilante,657.0,6,3,1,4,Nigeria,475,,1,0,0,0.0,0.0,0.0,0.0,-99,0.0,Icelanders Vigilante Group,"Militias, Vigilantes & Auxiliary Formations",0 - None Documented,0,0,None
2005,425,Icelanders a.k.a Niger Delta Vigilante,657.0,6,3,1,4,Nigeria,475,,0,1,0,0.0,0.0,0.0,0.0,-99,0.0,Icelanders Vigilante Group,"Militias, Vigilantes & Auxiliary Formations",0 - None Documented,0,0,None
2006,425,Icelanders a.k.a Niger Delta Vigilante,657.0,6,3,1,4,Nigeria,475,,0,1,0,0.0,0.0,0.0,0.0,-99,0.0,Icelanders Vigilante Group,"Militias, Vigilantes & Auxiliary Formations",0 - None Documented,0,0,None
2007,425,Icelanders a.k.a Niger Delta Vigilante,657.0,6,3,1,4,Nigeria,475,,0,1,0,0.0,0.0,0.0,0.0,-99,0.0,Icelanders Vigilante Group,"Militias, Vigilantes & Auxiliary Formations",0 - None Documented,0,0,None
2008,425,Icelanders a.k.a Niger Delta Vigilante,657.0,6,3,1,4,Nigeria,475,,0,1,0,0.0,0.0,0.0,0.0,-99,0.0,Icelanders Vigilante Group,"Militias, Vigilantes & Auxiliary Formations",0 - None Documented,0,0,None
2009,425,Icelanders a.k.a Niger Delta Vigilante,657.0,6,3,1,4,Nigeria,475,,0,1,0,0.0,0.0,0.0,0.0,-99,0.0,Icelanders Vigilante Group,"Militias, Vigilantes & Auxiliary Formations",0 - None Documented,0,0,None
2004,425,NDPVF,560.0,3,3,1,4,Nigeria,475,,1,0,0,0.0,0.0,0.0,0.0,-99,0.0,NDPVF,Other Armed Actor,0 - None Documented,0,0,None
2005,425,NDPVF,560.0,3,3,1,4,Nigeria,475,,0,1,0,0.0,0.0,0.0,0.0,-99,0.0,NDPVF,Other Armed Actor,0 - None Documented,0,0,None
2006,425,NDPVF,560.0,3,3,1,4,Nigeria,475,,0,1,0,0.0,0.0,0.0,0.0,-99,0.0,NDPVF,Other Armed Actor,0 - None Documented,0,0,None
2007,425,NDPVF,560.0,3,3,1,4,Nigeria,475,,0,1,0,0.0,0.0,0.0,0.0,-99,0.0,NDPVF,Other Armed Actor,0 - None Documented,0,0,None
2008,425,NDPVF,560.0,3,3,1,4,Nigeria,475,,0,1,0,0.0,0.0,0.0,0.0,-99,0.0,NDPVF,Other Armed Actor,0 - None Documented,0,0,None
2009,425,NDPVF,560.0,3,3,1,4,Nigeria,475,,0,1,0,0.0,0.0,0.0,0.0,-99,0.0,NDPVF,Other Armed Actor,0 - None Documented,0,0,None
2004,425,Neighbourhood Watch a.k.a Vigilante Groups,8067.0,6,3,1,4,Nigeria,475,,1,0,0,0.0,0.0,0.0,0.0,-99,0.0,Neighbourhood Watch / Local Vigilantes,"Militias, Vigilantes & Auxiliary Formations",0 - None Documented,0,0,None
2005,425,Neighbourhood Watch a.k.a Vigilante Groups,8067.0,6,3,1,4,Nigeria,475,,0,1,0,0.0,0.0,0.0,0.0,-99,0.0,Neighbourhood Watch / Local Vigilantes,"Militias, Vigilantes & Auxiliary Formations",0 - None Documented,0,0,None
2006,425,Neighbourhood Watch a.k.a Vigilante Groups,8067.0,6,3,1,4,Nigeria,475,,0,1,0,0.0,0.0,0.0,0.0,-99,0.0,Neighbourhood Watch / Local Vigilantes,"Militias, Vigilantes & Auxiliary Formations",0 - None Documented,0,0,None
2007,425,Neighbourhood Watch a.k.a Vigilante Groups,8067.0,6,3,1,4,Nigeria,475,,0,1,0,0.0,0.0,0.0,0.0,-99,0.0,Neighbourhood Watch / Local Vigilantes,"Militias, Vigilantes & Auxiliary Formations",0 - None Documented,0,0,None
2008,425,Neighbourhood Watch a.k.a Vigilante Groups,8067.0,6,3,1,4,Nigeria,475,,0,1,0,0.0,0.0,0.0,0.0,-99,0.0,Neighbourhood Watch / Local Vigilantes,"Militias, Vigilantes & Auxiliary Formations",0 - None Documented,0,0,None
2009,425,Neighbourhood Watch a.k.a Vigilante Groups,8067.0,6,3,1,4,Nigeria,475,,0,1,0,0.0,0.0,0.0,0.0,-99,0.0,Neighbourhood Watch / Local Vigilantes,"Militias, Vigilantes & Auxiliary Formations",0 - None Documented,0,0,None
2004,425,Nigeria,84.0,1,3,1,4,Nigeria,475,,1,0,0,0.0,2.0,0.0,1.0,1,2.0,Government of Nigeria (Armed Forces / Police),State Armed Forces (Government of Nigeria),2 - Frequent / Numerous (25-999),1,1,Documented Risk
2005,425,Nigeria,84.0,1,3,1,4,Nigeria,475,,0,1,0,0.0,1.0,0.0,0.0,1,1.0,Government of Nigeria (Armed Forces / Police),State Armed Forces (Government of Nigeria),1 - Isolated (<25),1,1,None
2006,425,Nigeria,84.0,1,3,1,4,Nigeria,475,,0,1,0,0.0,0.0,0.0,0.0,-99,0.0,Government of Nigeria (Armed Forces / Police),State Armed Forces (Government of Nigeria),0 - None Documented,0,0,None
2007,425,Nigeria,84.0,1,3,1,4,Nigeria,475,,0,1,0,0.0,0.0,0.0,0.0,-99,0.0,Government of Nigeria (Armed Forces / Police),State Armed Forces (Government of Nigeria),0 - None Documented,0,0,None
2008,425,Nigeria,84.0,1,3,1,4,Nigeria,475,,0,1,0,0.0,0.0,0.0,0.0,-99,0.0,Government of Nigeria (Armed Forces / Police),State Armed Forces (Government of Nigeria),0 - None Documented,0,0,None
2009,425,Nigeria,84.0,1,3,1,4,Nigeria,475,,0,1,0,3.0,0.0,0.0,1.0,1,3.0,Government of Nigeria (Armed Forces / Police),State Armed Forces (Government of Nigeria),"3 - Massive / Systematic (1,000+)",1,1,Documented Risk
2020,13641, Cameroon,83.0,2,4,1,4,Nigeria,475,,1,0,0,0.0,0.0,0.0,0.0,-99,0.0,Government of Cameroon (Coalition Forces),Regional Coalition Partners (MNJTF),0 - None Documented,0,0,None
2020,13641, Chad,87.0,2,4,1,4,Nigeria,475,,1,0,0,0.0,0.0,0.0,0.0,-99,0.0,Government of Chad (Coalition Forces),Regional Coalition Partners (MNJTF),0 - None Documented,0,0,None
2020,13641, Niger,75.0,2,4,1,4,Nigeria,475,,1,0,0,0.0,0.0,0.0,0.0,-99,0.0,Government of Niger (Coalition Forces),Regional Coalition Partners (MNJTF),0 - None Documented,0,0,None
2020,13641, Nigeria,84.0,1,4,1,4,Nigeria,475,,1,0,0,0.0,0.0,0.0,0.0,-99,0.0,Government of Nigeria (Armed Forces / Police),State Armed Forces (Government of Nigeria),0 - None Documented,0,0,None
2015,13641,Cameroon,83.0,2,4,1,4,Nigeria,475,,1,0,0,0.0,0.0,0.0,0.0,-99,0.0,Government of Cameroon (Coalition Forces),Regional Coalition Partners (MNJTF),0 - None Documented,0,0,None
2016,13641,Cameroon,83.0,2,4,1,4,Nigeria,475,,1,0,0,0.0,0.0,0.0,0.0,-99,0.0,Government of Cameroon (Coalition Forces),Regional Coalition Partners (MNJTF),0 - None Documented,0,0,None
2017,13641,Cameroon,83.0,2,4,1,4,Nigeria,475,,0,1,0,0.0,0.0,0.0,0.0,-99,0.0,Government of Cameroon (Coalition Forces),Regional Coalition Partners (MNJTF),0 - None Documented,0,0,None
2018,13641,Cameroon,83.0,2,4,1,4,Nigeria,475,,1,0,0,0.0,0.0,0.0,0.0,-99,0.0,Government of Cameroon (Coalition Forces),Regional Coalition Partners (MNJTF),0 - None Documented,0,0,None
2019,13641,Cameroon,83.0,2,4,1,4,Nigeria,475,,1,0,0,0.0,0.0,0.0,0.0,-99,0.0,Government of Cameroon (Coalition Forces),Regional Coalition Partners (MNJTF),0 - None Documented,0,0,None
2021,13641,Cameroon,83.0,2,4,1,4,Nigeria,475,,1,0,0,0.0,0.0,0.0,0.0,-99,0.0,Government of Cameroon (Coalition Forces),Regional Coalition Partners (MNJTF),0 - None Documented,0,0,None
2015,13641,Chad,87.0,2,4,1,4,Nigeria,475,,1,0,0,0.0,0.0,0.0,0.0,-99,0.0,Government of Chad (Coalition Forces),Regional Coalition Partners (MNJTF),0 - None Documented,0,0,None
2016,13641,Chad,87.0,2,4,1,4,Nigeria,475,,1,0,0,0.0,0.0,0.0,0.0,-99,0.0,Government of Chad (Coalition Forces),Regional Coalition Partners (MNJTF),0 - None Documented,0,0,None
2017,13641,Chad,87.0,2,4,1,4,Nigeria,475,,1,0,0,0.0,0.0,0.0,0.0,-99,0.0,Government of Chad (Coalition Forces),Regional Coalition Partners (MNJTF),0 - None Documented,0,0,None
2018,13641,Chad,87.0,2,4,1,4,Nigeria,475,,1,0,0,0.0,0.0,0.0,0.0,-99,0.0,Government of Chad (Coalition Forces),Regional Coalition Partners (MNJTF),0 - None Documented,0,0,None
2019,13641,Chad,87.0,2,4,1,4,Nigeria,475,,1,0,0,0.0,0.0,0.0,0.0,-99,0.0,Government of Chad (Coalition Forces),Regional Coalition Partners (MNJTF),0 - None Documented,0,0,None
2021,13641,Chad,87.0,2,4,1,4,Nigeria,475,,1,0,0,0.0,0.0,0.0,0.0,-99,0.0,Government of Chad (Coalition Forces),Regional Coalition Partners (MNJTF),0 - None Documented,0,0,None
2015,13641,IS,234.0,3,4,1,4,Nigeria,475,,1,0,0,0.0,0.0,0.0,0.0,-99,0.0,Islamic State West Africa Province (ISWAP),Non-State Armed Groups (Boko Haram / ISWAP),0 - None Documented,0,0,None
2016,13641,IS,234.0,3,4,1,4,Nigeria,475,,1,0,0,0.0,0.0,0.0,0.0,-99,0.0,Islamic State West Africa Province (ISWAP),Non-State Armed Groups (Boko Haram / ISWAP),0 - None Documented,0,0,None
2017,13641,IS,234.0,3,4,1,4,Nigeria,475,,1,0,0,0.0,0.0,0.0,0.0,-99,0.0,Islamic State West Africa Province (ISWAP),Non-State Armed Groups (Boko Haram / ISWAP),0 - None Documented,0,0,None
2018,13641,IS,234.0,3,4,1,4,Nigeria,475,,1,0,0,1.0,0.0,0.0,1.0,"1, 2",1.0,Islamic State West Africa Province (ISWAP),Non-State Armed Groups (Boko Haram / ISWAP),1 - Isolated (<25),1,1,Documented Risk
2019,13641,IS,234.0,3,4,1,4,Nigeria,475,,1,0,0,2.0,0.0,0.0,2.0,"1, 2",2.0,Islamic State West Africa Province (ISWAP),Non-State Armed Groups (Boko Haram / ISWAP),2 - Frequent / Numerous (25-999),1,1,High Child Risk
2020,13641,IS,234.0,3,4,1,4,Nigeria,475,,1,0,0,2.0,0.0,0.0,0.0,"1, 2",2.0,Islamic State West Africa Province (ISWAP),Non-State Armed Groups (Boko Haram / ISWAP),2 - Frequent / Numerous (25-999),1,1,None
2021,13641,IS,234.0,3,4,1,4,Nigeria,475,,1,0,0,2.0,2.0,0.0,2.0,"1,2",2.0,Islamic State West Africa Province (ISWAP),Non-State Armed Groups (Boko Haram / ISWAP),2 - Frequent / Numerous (25-999),1,1,High Child Risk
2015,13641,Niger,75.0,2,4,1,4,Nigeria,475,,1,0,0,0.0,0.0,0.0,0.0,-99,0.0,Government of Niger (Coalition Forces),Regional Coalition Partners (MNJTF),0 - None Documented,0,0,None
2016,13641,Niger,75.0,2,4,1,4,Nigeria,475,,1,0,0,0.0,0.0,0.0,0.0,-99,0.0,Government of Niger (Coalition Forces),Regional Coalition Partners (MNJTF),0 - None Documented,0,0,None
2017,13641,Niger,75.0,2,4,1,4,Nigeria,475,,0,1,0,0.0,0.0,0.0,0.0,-99,0.0,Government of Niger (Coalition Forces),Regional Coalition Partners (MNJTF),0 - None Documented,0,0,None
2018,13641,Niger,75.0,2,4,1,4,Nigeria,475,,1,0,0,0.0,0.0,0.0,0.0,-99,0.0,Government of Niger (Coalition Forces),Regional Coalition Partners (MNJTF),0 - None Documented,0,0,None
2019,13641,Niger,75.0,2,4,1,4,Nigeria,475,,1,0,0,0.0,0.0,0.0,0.0,-99,0.0,Government of Niger (Coalition Forces),Regional Coalition Partners (MNJTF),0 - None Documented,0,0,None
2021,13641,Niger,75.0,2,4,1,4,Nigeria,475,,1,0,0,0.0,0.0,0.0,0.0,-99,0.0,Government of Niger (Coalition Forces),Regional Coalition Partners (MNJTF),0 - None Documented,0,0,None
2015,13641,Nigeria,84.0,1,4,1,4,Nigeria,475,,1,0,0,0.0,0.0,0.0,0.0,-99,0.0,Government of Nigeria (Armed Forces / Police),State Armed Forces (Government of Nigeria),0 - None Documented,0,0,None
2016,13641,Nigeria,84.0,1,4,1,4,Nigeria,475,,1,0,0,0.0,0.0,0.0,0.0,-99,0.0,Government of Nigeria (Armed Forces / Police),State Armed Forces (Government of Nigeria),0 - None Documented,0,0,None
2017,13641,Nigeria,84.0,1,4,1,4,Nigeria,475,,1,0,0,1.0,0.0,0.0,0.0,7,1.0,Government of Nigeria (Armed Forces / Police),State Armed Forces (Government of Nigeria),1 - Isolated (<25),1,1,None
2018,13641,Nigeria,84.0,1,4,1,4,Nigeria,475,,1,0,0,0.0,0.0,0.0,0.0,-99,0.0,Government of Nigeria (Armed Forces / Police),State Armed Forces (Government of Nigeria),0 - None Documented,0,0,None
2019,13641,Nigeria,84.0,1,4,1,4,Nigeria,475,,1,0,0,0.0,0.0,0.0,0.0,-99,0.0,Government of Nigeria (Armed Forces / Police),State Armed Forces (Government of Nigeria),0 - None Documented,0,0,None
2021,13641,Nigeria,84.0,1,4,1,4,Nigeria,475,,1,0,0,0.0,0.0,0.0,0.0,-99,0.0,Government of Nigeria (Armed Forces / Police),State Armed Forces (Government of Nigeria),0 - None Documented,0,0,None
2022,13641,Cameroon,83.0,2,4,1,4,Nigeria,475,,1,0,0,0.0,0.0,0.0,0.0,,0.0,Government of Cameroon (Coalition Forces),Regional Coalition Partners (MNJTF),0 - None Documented,0,0,None
2023,13641,Cameroon,83.0,2,4,1,4,Nigeria,475,,1,0,0,0.0,0.0,0.0,0.0,,0.0,Government of Cameroon (Coalition Forces),Regional Coalition Partners (MNJTF),0 - None Documented,0,0,None
2022,13641,Chad,87.0,2,4,1,4,Nigeria,475,,1,0,0,0.0,0.0,0.0,0.0,,0.0,Government of Chad (Coalition Forces),Regional Coalition Partners (MNJTF),0 - None Documented,0,0,None
2023,13641,Chad,87.0,2,4,1,4,Nigeria,475,,0,1,0,0.0,0.0,0.0,0.0,,0.0,Government of Chad (Coalition Forces),Regional Coalition Partners (MNJTF),0 - None Documented,0,0,None
2022,13641,IS,234.0,3,4,1,4,Nigeria,475,,1,0,0,2.0,0.0,0.0,2.0,"1, 2",2.0,Islamic State West Africa Province (ISWAP),Non-State Armed Groups (Boko Haram / ISWAP),2 - Frequent / Numerous (25-999),1,1,High Child Risk
2023,13641,IS,234.0,3,4,1,4,Nigeria,475,,1,0,0,2.0,0.0,0.0,2.0,"1, 2",2.0,Islamic State West Africa Province (ISWAP),Non-State Armed Groups (Boko Haram / ISWAP),2 - Frequent / Numerous (25-999),1,1,High Child Risk
2022,13641,Niger,75.0,2,4,1,4,Nigeria,475,,1,0,0,0.0,0.0,0.0,0.0,,0.0,Government of Niger (Coalition Forces),Regional Coalition Partners (MNJTF),0 - None Documented,0,0,None
2023,13641,Niger,75.0,2,4,1,4,Nigeria,475,,1,0,0,0.0,0.0,0.0,0.0,,0.0,Government of Niger (Coalition Forces),Regional Coalition Partners (MNJTF),0 - None Documented,0,0,None
2022,13641,Nigeria,84.0,1,4,1,4,Nigeria,475,,1,0,0,0.0,0.0,0.0,0.0,,0.0,Government of Nigeria (Armed Forces / Police),State Armed Forces (Government of Nigeria),0 - None Documented,0,0,None
2023,13641,Nigeria,84.0,1,4,1,4,Nigeria,475,,1,0,0,0.0,0.0,0.0,0.0,,0.0,Government of Nigeria (Armed Forces / Police),State Armed Forces (Government of Nigeria),0 - None Documented,0,0,None
